term_id	term	Binom_Genome_Fraction	Binom_Expected	observed_genes	fold_enrichment	Binom_Region_Set_Coverage	pval	fdr	Hyper_Total_Genes	Hyper_Expected	Hyper_Observed_Gene_Hits	Hyper_Fold_Enrichment	Hyper_Gene_Set_Coverage	Hyper_Term_Gene_Coverage	Hyper_Raw_PValue	Hyper_Adjp_BH
GO:0046930	pore complex	0.001290968	117.9699	270	2.288719	0.002954662	3.26048e-33	4.6950912000000004e-32	18	14.33807	15	1.046166	0.001002875	0.8333333	0.4862233999999999	1.0
GO:0034364	high-density lipoprotein particle	0.001072381	97.99526	227	2.316439	0.002484105	6.884257e-29	8.497140068571428e-28	27	21.50711	23	1.069414	0.001537742	0.8518519	0.3316979	1.0
GO:0036019	endolysosome	0.001013177	92.58508	218	2.354591	0.002385616	1.050047e-28	1.2778036732394366e-27	20	15.93119	17	1.067089	0.001136592	0.85	0.3964675	1.0
GO:0098554	cytoplasmic side of endoplasmic reticulum membrane	0.000748907	68.43587	176	2.571751	0.001926002	1.4999820000000001e-27	1.787564755862069e-26	10	7.965596	8	1.004319	0.0005348666	0.8	0.6674025	1.0
GO:0036021	endolysosome lumen	0.0003337063	30.49442	96	3.148117	0.001050547	2.501e-21	2.5126325581395348e-20	5	3.982798	5	1.255399	0.0003342916	1.0	0.3206508	1.0
GO:0031673	H zone	0.0002374479	21.69823	78	3.594763	0.0008535691	7.850722e-21	7.796579089655172e-20	1	0.7965596	1	1.255399	6.685833e-05	1.0	0.7965596	1.0
GO:0017109	glutamate-cysteine ligase complex	0.0001860161	16.99834	67	3.941562	0.000733194	4.086747e-20	3.9897733423728816e-19	2	1.593119	2	1.255399	0.0001337167	1.0	0.6344986	1.0
GO:0030014	CCR4-NOT complex	0.001073524	98.09969	200	2.038743	0.002188639	1.2493129999999998e-19	1.2060407061452514e-18	16	12.74495	14	1.098474	0.0009360166	0.875	0.3391699	1.0
GO:0008091	spectrin	0.0005133879	46.9139	120	2.557878	0.001313183	3.5922279999999997e-19	3.429486179005525e-18	8	6.372477	7	1.098474	0.0004680083	0.875	0.4932266	1.0
GO:0005757	mitochondrial permeability transition pore complex	0.0002029598	18.54667	68	3.666427	0.0007441372	8.362001999999999e-19	7.810561868108109e-18	4	3.186238	3	0.9415491	0.000200575	0.75	0.8139092	1.0
GO:0031143	pseudopodium	0.0009016271	82.39159	174	2.111866	0.001904116	1.066745e-18	9.910405161290325e-18	17	13.54151	14	1.033858	0.0009360166	0.8235294	0.5344768	1.0
GO:0030056	hemidesmosome	0.0006581077	60.13854	136	2.261445	0.001488274	3.3043830000000004e-17	2.958535660103626e-16	7	5.575917	7	1.255399	0.0004680083	1.0	0.2034248	0.883211191959799
GO:0034751	aryl hydrocarbon receptor complex	0.0003794068	34.67057	93	2.68239	0.001017717	1.932866e-16	1.6783881648241209e-15	4	3.186238	4	1.255399	0.0002674333	1.0	0.4025666	1.0
GO:0005915	zonula adherens	0.0005854298	53.49716	123	2.299187	0.001346013	3.151763e-16	2.6961616158415838e-15	8	6.372477	8	1.255399	0.0005348666	1.0	0.1620246	0.7898512766197182
GO:0036488	CHOP-C/EBP complex	0.0001287828	11.7683	49	4.163729	0.0005362165	4.81378e-16	4.097641300492611e-15	2	1.593119	1	0.6276994	6.685833e-05	0.5	0.9586206	1.0
GO:0098574	cytoplasmic side of lysosomal membrane	0.0002510461	22.94084	71	3.094917	0.0007769668	7.420693e-16	6.285763482352941e-15	6	4.779358	6	1.255399	0.00040115	1.0	0.2554001	1.0
GO:0001931	uropod	0.0007589275	69.35156	143	2.061958	0.001564877	6.855788e-15	5.6145979450236963e-14	13	10.35528	11	1.062261	0.0007354416	0.8461538	0.4889872	1.0
GO:0000138	Golgi trans cisterna	0.0004022949	36.76211	92	2.502577	0.001006774	1.465008e-14	1.1885135323943662e-13	7	5.575917	6	1.076056	0.00040115	0.8571429	0.567252	1.0
GO:0005610	laminin-5 complex	0.0002406399	21.98992	65	2.9559	0.0007113076	8.875441e-14	6.939711333936652e-13	3	2.389679	3	1.255399	0.000200575	1.0	0.5054022	1.0
GO:0070876	SOSS complex	0.0003249797	29.69697	77	2.592857	0.0008426259	3.471689e-13	2.631174821052632e-12	4	3.186238	4	1.255399	0.0002674333	1.0	0.4025666	1.0
GO:0030061	mitochondrial crista	0.0003690169	33.72113	81	2.402054	0.0008863987	3.752328e-12	2.70167616e-11	5	3.982798	3	0.7532393	0.000200575	0.6	0.9394286	1.0
GO:0033063	Rad51B-Rad51C-Rad51D-XRCC2 complex	0.0005010284	45.78448	99	2.162305	0.001083376	6.507316e-12	4.570992702439025e-11	5	3.982798	4	1.004319	0.0002674333	0.8	0.7302295	1.0
GO:0070110	ciliary neurotrophic factor receptor complex	0.0004119934	37.64837	86	2.284295	0.0009411147	1.040741e-11	7.251614709677419e-11	3	2.389679	3	1.255399	0.000200575	1.0	0.5054022	1.0
GO:0005899	insulin receptor complex	0.0005665622	51.77302	107	2.066713	0.001170922	1.28437e-11	8.913218313253012e-11	3	2.389679	3	1.255399	0.000200575	1.0	0.5054022	1.0
GO:0005742	mitochondrial outer membrane translocase complex	0.0005012303	45.80292	98	2.139601	0.001072433	1.450224e-11	9.984012239043824e-11	11	8.762156	9	1.027144	0.0006017249	0.8181818	0.6059714	1.0
GO:0009360	DNA polymerase III complex	3.793407e-05	3.466453	22	6.346544	0.0002407503	2.459599e-11	1.6799158387351774e-10	1	0.7965596	1	1.255399	6.685833e-05	1.0	0.7965596	1.0
GO:0032437	cuticular plate	0.0002307682	21.08782	58	2.750402	0.0006347052	2.825428e-11	1.922180938582677e-10	4	3.186238	3	0.9415491	0.000200575	0.75	0.8139092	1.0
GO:0033061	DNA recombinase mediator complex	0.0005645991	51.59363	105	2.035135	0.001149035	4.583495e-11	3.0698757209302324e-10	7	5.575917	6	1.076056	0.00040115	0.8571429	0.567252	1.0
GO:0048179	activin receptor complex	0.0001785395	16.31511	49	3.00335	0.0005362165	5.180551e-11	3.4563676169884167e-10	3	2.389679	3	1.255399	0.000200575	1.0	0.5054022	1.0
GO:0005896	interleukin-6 receptor complex	0.0004914065	44.90522	94	2.093298	0.00102866	1.112269e-10	7.225567037593984e-10	3	2.389679	3	1.255399	0.000200575	1.0	0.5054022	1.0
GO:0060987	lipid tube	0.0001037735	9.48293	35	3.690842	0.0003830118	1.549547e-10	9.991109014925374e-10	1	0.7965596	1	1.255399	6.685833e-05	1.0	0.7965596	1.0
GO:0048500	signal recognition particle	0.00036989	33.80092	76	2.248459	0.0008316827	3.070247e-10	1.950509858823529e-09	10	7.965596	6	0.7532393	0.00040115	0.6	0.9649196	1.0
GO:0035692	macrophage migration inhibitory factor receptor complex	0.0001997698	18.25517	50	2.73895	0.0005471597	7.009783e-10	4.326037508571429e-09	2	1.593119	2	1.255399	0.0001337167	1.0	0.6344986	1.0
GO:0097444	spine apparatus	4.996127e-05	4.565511	23	5.037772	0.0002516935	7.293365e-10	4.485030149466192e-09	1	0.7965596	1	1.255399	6.685833e-05	1.0	0.7965596	1.0
GO:0051286	cell tip	0.0004702299	42.97008	88	2.047937	0.0009630011	1.16475e-09	7.0869295774647885e-09	7	5.575917	6	1.076056	0.00040115	0.8571429	0.567252	1.0
GO:0097342	ripoptosome	0.0002300305	21.02042	54	2.568931	0.0005909325	1.361598e-09	8.255583663157894e-09	7	5.575917	7	1.255399	0.0004680083	1.0	0.2034248	0.883211191959799
GO:0000308	cytoplasmic cyclin-dependent protein kinase holoenzyme complex	0.0004516932	41.27617	85	2.059299	0.0009301715	1.714202e-09	1.0285212e-08	2	1.593119	2	1.255399	0.0001337167	1.0	0.6344986	1.0
GO:0005638	lamin filament	0.0002006382	18.33452	49	2.672554	0.0005362165	2.223345e-09	1.3293910588235294e-08	4	3.186238	4	1.255399	0.0002674333	1.0	0.4025666	1.0
GO:0048188	Set1C/COMPASS complex	0.0004121714	37.66464	79	2.097458	0.0008645123	2.870394e-09	1.6928467003412968e-08	13	10.35528	11	1.062261	0.0007354416	0.8461538	0.4889872	1.0
GO:0031416	NatB complex	8.93441e-05	8.164354	30	3.67451	0.0003282958	3.298071e-09	1.9318870128813562e-08	2	1.593119	2	1.255399	0.0001337167	1.0	0.6344986	1.0
GO:0002193	MAML1-RBP-Jkappa- ICN1 complex	0.0002840698	25.95858	61	2.349897	0.0006675348	3.321229e-09	1.9388796324324323e-08	3	2.389679	2	0.8369325	0.0001337167	0.6666667	0.8926914	1.0
GO:0042382	paraspeckles	0.0003343814	30.5561	68	2.225415	0.0007441372	3.705824e-09	2.141693602675585e-08	6	4.779358	5	1.046166	0.0003342916	0.8333333	0.6469043	1.0
GO:0035976	transcription factor AP-1 complex	0.0003156216	28.84182	63	2.184328	0.0006894212	2.57959e-08	1.397345304075235e-07	5	3.982798	3	0.7532393	0.000200575	0.6	0.9394286	1.0
GO:0044194	cytolytic granule	0.0001954375	17.85927	45	2.519699	0.0004924437	5.106187e-08	2.731731001857585e-07	5	3.982798	5	1.255399	0.0003342916	1.0	0.3206508	1.0
GO:0030478	actin cap	0.0003320469	30.34277	64	2.109234	0.0007003644	6.857707e-08	3.6128407609756097e-07	4	3.186238	4	1.255399	0.0002674333	1.0	0.4025666	1.0
GO:0097229	sperm end piece	0.000240468	21.97421	51	2.320903	0.0005581029	8.631725e-08	4.4791654054054053e-07	1	0.7965596	1	1.255399	6.685833e-05	1.0	0.7965596	1.0
GO:0036053	glomerular endothelium fenestra	0.0001668884	15.25043	40	2.622877	0.0004377278	9.855103e-08	5.098688019161677e-07	1	0.7965596	1	1.255399	6.685833e-05	1.0	0.7965596	1.0
GO:0031501	mannosyltransferase complex	7.755281e-05	7.086853	25	3.527659	0.0002735798	1.34357e-07	6.84864e-07	4	3.186238	2	0.6276994	0.0001337167	0.5	0.9714736	1.0
GO:0044393	microspike	0.000230438	21.05765	49	2.326945	0.0005362165	1.409865e-07	7.165431529411764e-07	3	2.389679	3	1.255399	0.000200575	1.0	0.5054022	1.0
GO:1990604	IRE1-TRAF2-ASK1 complex	0.0002252607	20.58455	48	2.331846	0.0005252733	1.765921e-07	8.844960834782609e-07	4	3.186238	3	0.9415491	0.000200575	0.75	0.8139092	1.0
GO:0005744	mitochondrial inner membrane presequence translocase complex	0.0003640364	33.26601	67	2.014068	0.000733194	1.772479e-07	8.852149456647399e-07	11	8.762156	10	1.141272	0.0006685833	0.9090909	0.3119934	1.0
GO:0071817	MMXD complex	0.0001137593	10.39544	31	2.982077	0.000339239	1.81636e-07	9.00011222922636e-07	5	3.982798	4	1.004319	0.0002674333	0.8	0.7302295	1.0
GO:0010009	cytoplasmic side of endosome membrane	0.0002070198	18.91768	45	2.378728	0.0004924437	2.452987e-07	1.1973902644067795e-06	5	3.982798	4	1.004319	0.0002674333	0.8	0.7302295	1.0
GO:0035354	Toll-like receptor 1-Toll-like receptor 2 protein complex	0.0001224594	11.19046	32	2.859578	0.0003501822	2.875689e-07	1.3880420648044691e-06	2	1.593119	2	1.255399	0.0001337167	1.0	0.6344986	1.0
GO:0098560	cytoplasmic side of late endosome membrane	8.764378e-05	8.008976	26	3.246357	0.000284523	3.619294e-07	1.7229035900826447e-06	2	1.593119	2	1.255399	0.0001337167	1.0	0.6344986	1.0
GO:0070435	Shc-EGFR complex	0.0002057654	18.80305	44	2.340046	0.0004815005	5.062539e-07	2.370749970731707e-06	2	1.593119	2	1.255399	0.0001337167	1.0	0.6344986	1.0
GO:0017071	intracellular cyclic nucleotide activated cation channel complex	5.721837e-05	5.228671	20	3.825063	0.0002188639	6.803657e-07	3.160408412903226e-06	1	0.7965596	1	1.255399	6.685833e-05	1.0	0.7965596	1.0
GO:0000137	Golgi cis cisterna	0.0002934807	26.81856	55	2.050819	0.0006018757	1.225842e-06	5.559724346456693e-06	7	5.575917	6	1.076056	0.00040115	0.8571429	0.567252	1.0
GO:0032593	insulin-responsive compartment	0.0002725474	24.90566	52	2.087879	0.0005690461	1.421038e-06	6.394671e-06	7	5.575917	5	0.8967134	0.0003342916	0.7142857	0.8460352	1.0
GO:0098559	cytoplasmic side of early endosome membrane	0.0001207097	11.03057	30	2.719713	0.0003282958	1.778746e-06	7.881213046153847e-06	3	2.389679	2	0.8369325	0.0001337167	0.6666667	0.8926914	1.0
GO:0097489	multivesicular body, internal vesicle lumen	0.0002027021	18.52312	42	2.267437	0.0004596141	1.950183e-06	8.61871157033248e-06	1	0.7965596	1	1.255399	6.685833e-05	1.0	0.7965596	1.0
GO:0036398	TCR signalosome	0.0001154814	10.55281	29	2.748083	0.0003173526	2.146781e-06	9.463361142857145e-06	2	1.593119	2	1.255399	0.0001337167	1.0	0.6344986	1.0
GO:0036502	Derlin-1-VIMP complex	0.0001098164	10.03513	28	2.790197	0.0003064094	2.400354e-06	1.055422827480916e-05	2	1.593119	2	1.255399	0.0001337167	1.0	0.6344986	1.0
GO:0043257	laminin-8 complex	8.080776e-05	7.384294	23	3.114719	0.0002516935	3.218259e-06	1.3902878880000002e-05	1	0.7965596	1	1.255399	6.685833e-05	1.0	0.7965596	1.0
GO:1902773	GTPase activator complex	6.026193e-05	5.506795	19	3.450283	0.0002079207	5.458925e-06	2.256703923444976e-05	1	0.7965596	1	1.255399	6.685833e-05	1.0	0.7965596	1.0
GO:0042022	interleukin-12 receptor complex	1.707915e-05	1.56071	10	6.407341	0.0001094319	5.767845e-06	2.37871984725537e-05	1	0.7965596	1	1.255399	6.685833e-05	1.0	0.7965596	1.0
GO:0071818	BAT3 complex	5.592721e-05	5.110684	18	3.522033	0.0001969775	7.23971e-06	2.9645068436018955e-05	3	2.389679	3	1.255399	0.000200575	1.0	0.5054022	1.0
GO:0005786	signal recognition particle, endoplasmic reticulum targeting	0.0002451384	22.40099	46	2.053481	0.0005033869	8.245038e-06	3.3681857361702126e-05	7	5.575917	4	0.7173707	0.0002674333	0.5714286	0.964673	1.0
GO:0005853	eukaryotic translation elongation factor 1 complex	0.0001055991	9.649754	26	2.694369	0.000284523	9.728322e-06	3.9368947110070255e-05	4	3.186238	3	0.9415491	0.000200575	0.75	0.8139092	1.0
GO:0035838	growing cell tip	0.000154016	14.07413	33	2.344727	0.0003611254	1.181787e-05	4.76020497902098e-05	3	2.389679	2	0.8369325	0.0001337167	0.6666667	0.8926914	1.0
GO:0031465	Cul4B-RING E3 ubiquitin ligase complex	0.000228625	20.89198	43	2.058206	0.0004705573	1.50024e-05	6.00096e-05	5	3.982798	5	1.255399	0.0003342916	1.0	0.3206508	1.0
GO:0070557	PCNA-p21 complex	3.779246e-05	3.453513	14	4.053843	0.0001532047	1.608985e-05	6.421076397228638e-05	2	1.593119	1	0.6276994	6.685833e-05	0.5	0.9586206	1.0
GO:1990682	CSF1-CSF1R complex	0.0001223249	11.17818	28	2.504881	0.0003064094	1.664422e-05	6.627007410138249e-05	2	1.593119	2	1.255399	0.0001337167	1.0	0.6344986	1.0
GO:0035841	new growing cell tip	0.0001367785	12.49896	30	2.4002	0.0003282958	1.871517e-05	7.383519123287672e-05	2	1.593119	1	0.6276994	6.685833e-05	0.5	0.9586206	1.0
GO:0097524	sperm plasma membrane	0.0002163319	19.76863	41	2.073993	0.0004486709	1.964585e-05	7.733036173120729e-05	7	5.575917	5	0.8967134	0.0003342916	0.7142857	0.8460352	1.0
GO:0001405	presequence translocase-associated import motor	9.218887e-05	8.424311	23	2.730194	0.0002516935	2.505187e-05	9.749916972972974e-05	3	2.389679	3	1.255399	0.000200575	1.0	0.5054022	1.0
GO:0031315	extrinsic component of mitochondrial outer membrane	4.498522e-05	4.110795	15	3.648929	0.0001641479	2.710128e-05	0.0001052382288539326	2	1.593119	2	1.255399	0.0001337167	1.0	0.6344986	1.0
GO:0005673	transcription factor TFIIE complex	2.972656e-05	2.716443	12	4.417542	0.0001313183	2.802457e-05	0.00010833659275167786	1	0.7965596	1	1.255399	6.685833e-05	1.0	0.7965596	1.0
GO:0070381	endosome to plasma membrane transport vesicle	0.0001903651	17.39576	37	2.126956	0.0004048982	2.888138e-05	0.00011139960857142856	2	1.593119	2	1.255399	0.0001337167	1.0	0.6344986	1.0
GO:0034752	cytosolic aryl hydrocarbon receptor complex	0.0001404627	12.83563	30	2.337245	0.0003282958	3.018472e-05	0.00011565231964523282	1	0.7965596	1	1.255399	6.685833e-05	1.0	0.7965596	1.0
GO:0034753	nuclear aryl hydrocarbon receptor complex	0.0001404627	12.83563	30	2.337245	0.0003282958	3.018472e-05	0.00011565231964523282	1	0.7965596	1	1.255399	6.685833e-05	1.0	0.7965596	1.0
GO:0005969	serine-pyruvate aminotransferase complex	0.0002162914	19.76492	40	2.023787	0.0004377278	4.141655e-05	0.0001569469263157895	1	0.7965596	1	1.255399	6.685833e-05	1.0	0.7965596	1.0
GO:1990796	photoreceptor cell terminal bouton	3.098606e-05	2.831537	12	4.237981	0.0001313183	4.154257e-05	0.00015708000210065646	1	0.7965596	1	1.255399	6.685833e-05	1.0	0.7965596	1.0
GO:0060053	neurofilament cytoskeleton	0.000157517	14.39407	32	2.223138	0.0003501822	4.283091e-05	0.00016089524452173913	2	1.593119	2	1.255399	0.0001337167	1.0	0.6344986	1.0
GO:1990005	granular vesicle	0.0001384789	12.65434	29	2.291704	0.0003173526	5.667134e-05	0.0002092480246153846	2	1.593119	2	1.255399	0.0001337167	1.0	0.6344986	1.0
GO:0032311	angiogenin-PRI complex	4.935398e-05	4.510016	15	3.32593	0.0001641479	7.541913e-05	0.0002737904551260504	2	1.593119	2	1.255399	0.0001337167	1.0	0.6344986	1.0
GO:0042105	alpha-beta T cell receptor complex	0.0001488149	13.59886	30	2.206068	0.0003282958	8.285603e-05	0.000299521152	5	3.982798	4	1.004319	0.0002674333	0.8	0.7302295	1.0
GO:0008282	ATP-sensitive potassium channel complex	0.000193359	17.66934	36	2.037428	0.000393955	8.48107e-05	0.0003046837621621622	4	3.186238	4	1.255399	0.0002674333	1.0	0.4025666	1.0
GO:0045092	interleukin-18 receptor complex	6.198302e-05	5.66407	17	3.001375	0.0001860343	8.947791e-05	0.00031945832330578514	1	0.7965596	1	1.255399	6.685833e-05	1.0	0.7965596	1.0
GO:0000506	glycosylphosphatidylinositol-N-acetylglucosaminyltransferase (GPI-GnT) complex	0.0001864229	17.03551	35	2.054532	0.0003830118	8.995602e-05	0.0003205030980618557	8	6.372477	8	1.255399	0.0005348666	1.0	0.1620246	0.7898512766197182
GO:0016602	CCAAT-binding factor complex	0.0001864535	17.03831	35	2.054194	0.0003830118	9.023431e-05	0.0003208331022222222	4	3.186238	3	0.9415491	0.000200575	0.75	0.8139092	1.0
GO:0070702	inner mucus layer	1.137328e-05	1.039301	7	6.735293	7.660236e-05	0.0001053781	0.0003723790527607362	1	0.7965596	1	1.255399	6.685833e-05	1.0	0.7965596	1.0
GO:0070703	outer mucus layer	1.137328e-05	1.039301	7	6.735293	7.660236e-05	0.0001053781	0.0003723790527607362	1	0.7965596	1	1.255399	6.685833e-05	1.0	0.7965596	1.0
GO:0044302	dentate gyrus mossy fiber	1.970163e-05	1.800355	9	4.999015	9.848874e-05	0.0001098774	0.0003874860146938776	1	0.7965596	1	1.255399	6.685833e-05	1.0	0.7965596	1.0
GO:0000811	GINS complex	0.0001533719	14.01528	30	2.140521	0.0003282958	0.0001381106	0.0004801913818913481	3	2.389679	3	1.255399	0.000200575	1.0	0.5054022	1.0
GO:0035370	UBC13-UEV1A complex	4.128706e-05	3.772853	13	3.445668	0.0001422615	0.0001572261	0.0005422888239520958	2	1.593119	2	1.255399	0.0001337167	1.0	0.6344986	1.0
GO:0097132	cyclin D2-CDK6 complex	0.0001775652	16.22609	33	2.033762	0.0003611254	0.0001672918	0.0005758570326693227	1	0.7965596	1	1.255399	6.685833e-05	1.0	0.7965596	1.0
GO:0034679	integrin alpha9-beta1 complex	0.0001555692	14.21607	30	2.110287	0.0003282958	0.0001750402	0.0005980993897233201	1	0.7965596	1	1.255399	6.685833e-05	1.0	0.7965596	1.0
GO:0042568	insulin-like growth factor binary complex	1.653314e-05	1.510815	8	5.295156	8.754555e-05	0.0001778745	0.0006062468165680473	1	0.7965596	1	1.255399	6.685833e-05	1.0	0.7965596	1.0
GO:0097226	sperm mitochondrial sheath	3.661534e-05	3.345947	12	3.586429	0.0001313183	0.0001934039	0.0006570684353634578	1	0.7965596	1	1.255399	6.685833e-05	1.0	0.7965596	1.0
GO:0097545	axonemal outer doublet	9.324447e-05	8.520773	21	2.464565	0.0002298071	0.0002172425	0.0007317642105263158	3	2.389679	3	1.255399	0.000200575	1.0	0.5054022	1.0
GO:0016028	rhabdomere	5.464592e-05	4.993599	15	3.003845	0.0001641479	0.0002231368	0.0007501564015564203	1	0.7965596	1	1.255399	6.685833e-05	1.0	0.7965596	1.0
GO:1990332	Ire1 complex	8.053748e-05	7.359596	19	2.581664	0.0002079207	0.0002408091	0.000804870647582205	1	0.7965596	1	1.255399	6.685833e-05	1.0	0.7965596	1.0
GO:0045323	interleukin-1 receptor complex	0.0001084116	9.906757	23	2.321648	0.0002516935	0.0002598798	0.000865264536416185	3	2.389679	3	1.255399	0.000200575	1.0	0.5054022	1.0
GO:1990429	peroxisomal importomer complex	0.0001178827	10.77223	24	2.22795	0.0002626367	0.0003470468	0.0011357895272727	2	1.593119	1	0.6276994	6.685833e-05	0.5	0.9586206	1.0
GO:0071665	gamma-catenin-TCF7L2 complex	2.324491e-05	2.124143	9	4.237003	9.848874e-05	0.0003659126	0.0011871466786516	1	0.7965596	1	1.255399	6.685833e-05	1.0	0.7965596	1.0
GO:0032021	NELF complex	0.0001113435	10.17468	23	2.260514	0.0002516935	0.0003738127	0.0012073800852336	4	3.186238	4	1.255399	0.0002674333	1.0	0.4025666	1.0
GO:0009346	citrate lyase complex	1.879854e-05	1.717829	8	4.657041	8.754555e-05	0.0004149207	0.00132284680738	1	0.7965596	1	1.255399	6.685833e-05	1.0	0.7965596	1.0
GO:0098556	cytoplasmic side of rough endoplasmic reticulum membrane	9.127352e-05	8.340666	20	2.39789	0.0002188639	0.0004242452	0.0013476023999999	1	0.7965596	1	1.255399	6.685833e-05	1.0	0.7965596	1.0
GO:1990008	neurosecretory vesicle	9.127352e-05	8.340666	20	2.39789	0.0002188639	0.0004242452	0.0013476023999999	1	0.7965596	1	1.255399	6.685833e-05	1.0	0.7965596	1.0
GO:0033768	SUMO-targeted ubiquitin ligase complex	1.452611e-05	1.32741	7	5.273425	7.660236e-05	0.0004561316	0.0014435813274725	1	0.7965596	1	1.255399	6.685833e-05	1.0	0.7965596	1.0
GO:0033106	cis-Golgi network membrane	4.048064e-05	3.699162	12	3.243978	0.0001313183	0.0004691155	0.0014819590201096	1	0.7965596	1	1.255399	6.685833e-05	1.0	0.7965596	1.0
GO:0070436	Grb2-EGFR complex	0.0001507093	13.77197	28	2.033116	0.0003064094	0.0004963321	0.0015622256262295	2	1.593119	2	1.255399	0.0001337167	1.0	0.6344986	1.0
GO:0097356	perinucleolar compartment	3.536878e-05	3.232034	11	3.403429	0.0001203751	0.0005389241	0.001687066747826	1	0.7965596	1	1.255399	6.685833e-05	1.0	0.7965596	1.0
GO:0031302	intrinsic component of endosome membrane	8.62808e-05	7.884426	19	2.409814	0.0002079207	0.000548498	0.0017108385270758	1	0.7965596	1	1.255399	6.685833e-05	1.0	0.7965596	1.0
GO:0005940	septin ring	6.119123e-05	5.591716	15	2.68254	0.0001641479	0.0007052395	0.0021761676	1	0.7965596	1	1.255399	6.685833e-05	1.0	0.7965596	1.0
GO:0032173	septin collar	6.119123e-05	5.591716	15	2.68254	0.0001641479	0.0007052395	0.0021761676	1	0.7965596	1	1.255399	6.685833e-05	1.0	0.7965596	1.0
GO:0036117	hyaluranon cable	0.0001028429	9.397884	21	2.234545	0.0002298071	0.0007524789	0.0023095622365896	2	1.593119	2	1.255399	0.0001337167	1.0	0.6344986	1.0
GO:0071062	alphav-beta3 integrin-vitronectin complex	4.292952e-05	3.922942	12	3.058929	0.0001313183	0.0007763303	0.0023785438978723	3	2.389679	3	1.255399	0.000200575	1.0	0.5054022	1.0
GO:0097013	phagocytic vesicle lumen	6.8978e-05	6.303279	16	2.538361	0.0001750911	0.0008485904	0.0025953348870796	3	2.389679	3	1.255399	0.000200575	1.0	0.5054022	1.0
GO:0075341	host cell PML body	5.66601e-05	5.177657	14	2.703926	0.0001532047	0.0009682335	0.0029508068571428	1	0.7965596	1	1.255399	6.685833e-05	1.0	0.7965596	1.0
GO:0031084	BLOC-2 complex	8.459069e-05	7.729981	18	2.328595	0.0001969775	0.001100607	0.0033249106573426	3	2.389679	3	1.255399	0.000200575	1.0	0.5054022	1.0
GO:0032144	4-aminobutyrate transaminase complex	5.791279e-05	5.292129	14	2.645438	0.0001532047	0.001185501	0.0035626882226086	1	0.7965596	1	1.255399	6.685833e-05	1.0	0.7965596	1.0
GO:1990630	IRE1-RACK1-PP2A complex	9.273386e-05	8.474113	19	2.242123	0.0002079207	0.001253227	0.0037531650883882	2	1.593119	1	0.6276994	6.685833e-05	0.5	0.9586206	1.0
GO:0002947	tumor necrosis factor receptor superfamily complex	4.598363e-05	4.20203	12	2.855762	0.0001313183	0.001378918	0.004101153707401	1	0.7965596	1	1.255399	6.685833e-05	1.0	0.7965596	1.0
GO:0097179	protease inhibitor complex	4.001905e-05	3.656981	11	3.007946	0.0001203751	0.001435926	0.0042633679175257	3	2.389679	3	1.255399	0.000200575	1.0	0.5054022	1.0
GO:0000111	nucleotide-excision repair factor 2 complex	7.481833e-05	6.836974	16	2.340217	0.0001750911	0.001913968	0.0055493415302013	1	0.7965596	1	1.255399	6.685833e-05	1.0	0.7965596	1.0
GO:0008043	intracellular ferritin complex	6.812256e-05	6.225108	15	2.409597	0.0001641479	0.001982518	0.00570965184	2	1.593119	2	1.255399	0.0001337167	1.0	0.6344986	1.0
GO:0031259	uropod membrane	2.99223e-05	2.734329	9	3.291484	9.848874e-05	0.002080371	0.0059715632691029	1	0.7965596	1	1.255399	6.685833e-05	1.0	0.7965596	1.0
GO:0070618	Grb2-Sos complex	4.882023e-05	4.461241	12	2.689834	0.0001313183	0.002242922	0.0063913994332784	1	0.7965596	1	1.255399	6.685833e-05	1.0	0.7965596	1.0
GO:0031477	myosin VII complex	6.215084e-05	5.679406	14	2.465047	0.0001532047	0.002245127	0.0063913994332784	1	0.7965596	1	1.255399	6.685833e-05	1.0	0.7965596	1.0
GO:1990435	upper tip-link density	6.215084e-05	5.679406	14	2.465047	0.0001532047	0.002245127	0.0063913994332784	1	0.7965596	1	1.255399	6.685833e-05	1.0	0.7965596	1.0
GO:0005927	muscle tendon junction	0.0001203727	10.99978	22	2.00004	0.0002407503	0.002249935	0.0063945521052631	3	2.389679	3	1.255399	0.000200575	1.0	0.5054022	1.0
GO:1990356	sumoylated E2 ligase complex	2.463546e-05	2.251213	8	3.553639	8.754555e-05	0.002274146	0.0064527492413793	1	0.7965596	1	1.255399	6.685833e-05	1.0	0.7965596	1.0
GO:0031838	haptoglobin-hemoglobin complex	4.982715e-05	4.553255	12	2.635477	0.0001313183	0.002639544	0.0074044351168831	4	3.186238	1	0.3138497	6.685833e-05	0.25	0.9982892	1.0
GO:0033593	BRCA2-MAGE-D1 complex	7.741222e-05	7.074006	16	2.261802	0.0001750911	0.00266107	0.0074347604781906	1	0.7965596	1	1.255399	6.685833e-05	1.0	0.7965596	1.0
GO:0034998	oligosaccharyltransferase I complex	1.496489e-05	1.367507	6	4.387547	6.565916e-05	0.002856501	0.0079098190848	1	0.7965596	1	1.255399	6.685833e-05	1.0	0.7965596	1.0
GO:0002133	polycystin complex	9.258408e-05	8.460426	18	2.127552	0.0001969775	0.002860901	0.0079098190848	2	1.593119	2	1.255399	0.0001337167	1.0	0.6344986	1.0
GO:0034423	autophagosome lumen	8.581751e-05	7.84209	17	2.16779	0.0001860343	0.003058111	0.0083482082274881	1	0.7965596	1	1.255399	6.685833e-05	1.0	0.7965596	1.0
GO:0002944	cyclin K-CDK12 complex	9.438584e-05	8.625073	18	2.086939	0.0001969775	0.003481446	0.0093633332752721	2	1.593119	2	1.255399	0.0001337167	1.0	0.6344986	1.0
GO:1990913	sperm head plasma membrane	1.08688e-05	0.9932015	5	5.034225	5.471597e-05	0.003556451	0.0095279803534883	1	0.7965596	1	1.255399	6.685833e-05	1.0	0.7965596	1.0
GO:1990917	ooplasm	1.08688e-05	0.9932015	5	5.034225	5.471597e-05	0.003556451	0.0095279803534883	1	0.7965596	1	1.255399	6.685833e-05	1.0	0.7965596	1.0
GO:0005895	interleukin-5 receptor complex	5.218343e-05	4.768574	12	2.516475	0.0001313183	0.003792804	0.0101141439999999	1	0.7965596	1	1.255399	6.685833e-05	1.0	0.7965596	1.0
GO:0005745	m-AAA complex	5.239925e-05	4.788296	12	2.506111	0.0001313183	0.003915999	0.0103627048575803	2	1.593119	2	1.255399	0.0001337167	1.0	0.6344986	1.0
GO:0033185	dolichol-phosphate-mannose synthase complex	3.511211e-05	3.20858	9	2.804979	9.848874e-05	0.005809179	0.0149601509865871	3	2.389679	1	0.4184663	6.685833e-05	0.3333333	0.9915853	1.0
GO:1990026	hippocampal mossy fiber expansion	1.227705e-05	1.121889	5	4.456767	5.471597e-05	0.005892366	0.0151292844695393	1	0.7965596	1	1.255399	6.685833e-05	1.0	0.7965596	1.0
GO:0035355	Toll-like receptor 2-Toll-like receptor 6 protein complex	1.804964e-05	1.649395	6	3.637699	6.565916e-05	0.006957757	0.0176549252511013	1	0.7965596	1	1.255399	6.685833e-05	1.0	0.7965596	1.0
GO:0045160	myosin I complex	1.859633e-05	1.699352	6	3.530758	6.565916e-05	0.007984765	0.0200420913788098	1	0.7965596	1	1.255399	6.685833e-05	1.0	0.7965596	1.0
GO:0035693	NOS2-CD74 complex	3.067357e-05	2.802981	8	2.854104	8.754555e-05	0.008178336	0.0204222031907514	1	0.7965596	1	1.255399	6.685833e-05	1.0	0.7965596	1.0
GO:0034687	integrin alphaL-beta2 complex	4.445011e-05	4.061895	10	2.461905	0.0001094319	0.008981829	0.0222997133793103	2	1.593119	2	1.255399	0.0001337167	1.0	0.6344986	1.0
GO:0097135	cyclin E2-CDK2 complex	4.471392e-05	4.086003	10	2.44738	0.0001094319	0.00933112	0.0230674897854077	2	1.593119	1	0.6276994	6.685833e-05	0.5	0.9586206	1.0
GO:0036284	tubulobulbar complex	2.611963e-05	2.386838	7	2.932751	7.660236e-05	0.01127916	0.0273741411235955	1	0.7965596	1	1.255399	6.685833e-05	1.0	0.7965596	1.0
GO:0036024	protein C inhibitor-TMPRSS7 complex	1.542035e-05	1.409127	5	3.548295	5.471597e-05	0.01461583	0.0345029429508196	1	0.7965596	1	1.255399	6.685833e-05	1.0	0.7965596	1.0
GO:0036025	protein C inhibitor-TMPRSS11E complex	1.542035e-05	1.409127	5	3.548295	5.471597e-05	0.01461583	0.0345029429508196	1	0.7965596	1	1.255399	6.685833e-05	1.0	0.7965596	1.0
GO:0036026	protein C inhibitor-PLAT complex	1.542035e-05	1.409127	5	3.548295	5.471597e-05	0.01461583	0.0345029429508196	1	0.7965596	1	1.255399	6.685833e-05	1.0	0.7965596	1.0
GO:0036027	protein C inhibitor-PLAU complex	1.542035e-05	1.409127	5	3.548295	5.471597e-05	0.01461583	0.0345029429508196	1	0.7965596	1	1.255399	6.685833e-05	1.0	0.7965596	1.0
GO:0036028	protein C inhibitor-thrombin complex	1.542035e-05	1.409127	5	3.548295	5.471597e-05	0.01461583	0.0345029429508196	1	0.7965596	1	1.255399	6.685833e-05	1.0	0.7965596	1.0
GO:0036029	protein C inhibitor-KLK3 complex	1.542035e-05	1.409127	5	3.548295	5.471597e-05	0.01461583	0.0345029429508196	1	0.7965596	1	1.255399	6.685833e-05	1.0	0.7965596	1.0
GO:0036030	protein C inhibitor-plasma kallikrein complex	1.542035e-05	1.409127	5	3.548295	5.471597e-05	0.01461583	0.0345029429508196	1	0.7965596	1	1.255399	6.685833e-05	1.0	0.7965596	1.0
GO:0097181	protein C inhibitor-coagulation factor V complex	1.542035e-05	1.409127	5	3.548295	5.471597e-05	0.01461583	0.0345029429508196	1	0.7965596	1	1.255399	6.685833e-05	1.0	0.7965596	1.0
GO:0097182	protein C inhibitor-coagulation factor Xa complex	1.542035e-05	1.409127	5	3.548295	5.471597e-05	0.01461583	0.0345029429508196	1	0.7965596	1	1.255399	6.685833e-05	1.0	0.7965596	1.0
GO:0097183	protein C inhibitor-coagulation factor XI complex	1.542035e-05	1.409127	5	3.548295	5.471597e-05	0.01461583	0.0345029429508196	1	0.7965596	1	1.255399	6.685833e-05	1.0	0.7965596	1.0
GO:0097057	TRAF2-GSTP1 complex	4.848357e-05	4.430477	10	2.257093	0.0001094319	0.01553513	0.0364242939484396	2	1.593119	2	1.255399	0.0001337167	1.0	0.6344986	1.0
GO:0032044	DSIF complex	4.160364e-05	3.801782	9	2.367311	9.848874e-05	0.01602542	0.0373215163342318	2	1.593119	2	1.255399	0.0001337167	1.0	0.6344986	1.0
GO:0030892	mitotic cohesin complex	2.240002e-05	2.046936	6	2.93121	6.565916e-05	0.01831648	0.04186624	1	0.7965596	1	1.255399	6.685833e-05	1.0	0.7965596	1.0
GO:1902912	pyruvate kinase complex	2.343213e-05	2.141252	6	2.8021	6.565916e-05	0.02221619	0.0500515988526727	1	0.7965596	1	1.255399	6.685833e-05	1.0	0.7965596	1.0
GO:0070826	paraferritin complex	3.009726e-05	2.750318	7	2.54516	7.660236e-05	0.02244365	0.050432545123537	1	0.7965596	1	1.255399	6.685833e-05	1.0	0.7965596	1.0
GO:0070685	macropinocytic cup	3.0261e-05	2.76528	7	2.531389	7.660236e-05	0.02302351	0.0515344887046632	1	0.7965596	1	1.255399	6.685833e-05	1.0	0.7965596	1.0
GO:0005724	nuclear telomeric heterochromatin	2.37933e-05	2.174256	6	2.759565	6.565916e-05	0.02370311	0.0526464962467866	1	0.7965596	1	1.255399	6.685833e-05	1.0	0.7965596	1.0
GO:0000941	condensed nuclear chromosome inner kinetochore	3.799194e-05	3.471742	8	2.304319	8.754555e-05	0.0256624	0.0564181007633587	1	0.7965596	1	1.255399	6.685833e-05	1.0	0.7965596	1.0
GO:0005597	collagen type XVI trimer	3.851616e-05	3.519646	8	2.272956	8.754555e-05	0.02750107	0.059926669558638	1	0.7965596	1	1.255399	6.685833e-05	1.0	0.7965596	1.0
GO:0042824	MHC class I peptide loading complex	1.833899e-05	1.675835	5	2.983587	5.471597e-05	0.02810227	0.0610826698867924	5	3.982798	2	0.5021595	0.0001337167	0.4	0.9928369	1.0
GO:0034777	recycling endosome lumen	1.927612e-05	1.761471	5	2.838536	5.471597e-05	0.0336849	0.0717725119605425	1	0.7965596	1	1.255399	6.685833e-05	1.0	0.7965596	1.0
GO:0097059	CNTFR-CLCF1 complex	3.311359e-05	3.025953	7	2.313321	7.660236e-05	0.03483131	0.0738509247607362	2	1.593119	2	1.255399	0.0001337167	1.0	0.6344986	1.0
GO:0070044	synaptobrevin 2-SNAP-25-syntaxin-1a complex	4.272051e-05	3.903843	8	2.049263	8.754555e-05	0.04561	0.0936034204275534	3	2.389679	3	1.255399	0.000200575	1.0	0.5054022	1.0
